Category,Average_Sales
Furniture,485.4183702702704
"Office Supplies",93.82417821782175
Technology,551.3301379310345
