Region,Total_Sales
South,4153.699500000001
West,11321.419999999998
Central,21568.4642
East,6381.712000000001
